序号,代码,名称,最新价,涨跌幅,涨跌额,成交量,成交额,振幅,最高,最低,今开,昨收,量比,换手率,市盈率-动态,市净率,date
1,688334,N西高院,20.73,46.4,6.57,511882,1089237296.0,17.58,23.0,20.51,22.22,14.16,,71.7,47.11,2.23,2023-06-19
2,301448,N开创,39.87,119.67,21.72,151156,577525820.44,59.39,45.63,34.85,35.1,18.15,,75.58,66.98,5.0,2023-06-19
3,301225,C恒勃,41.74,-8.77,-4.01,123874,528443589.13,7.34,44.8,41.44,43.0,45.75,0.71,52.4,37.81,3.21,2023-06-19
4,301232,C飞沃,67.46,-6.06,-4.35,41143,278857005.81,4.28,69.67,66.6,68.0,71.81,0.79,32.21,43.66,2.34,2023-06-19
5,301287,C康力源,44.88,-5.48,-2.6,56517,256151083.8,4.53,46.94,44.79,46.02,47.48,0.65,33.9,35.35,2.97,2023-06-19
6,301355,南王科技,19.1,-2.35,-0.46,91343,175203673.7,2.66,19.52,19.0,19.35,19.56,0.45,19.74,53.63,2.46,2023-06-19
7,688472,阿特斯,19.0,-3.46,-0.68,1312894,2463510191.0,12.04,20.25,17.88,20.25,19.68,1.0,31.08,18.66,3.74,2023-06-19
8,301383,天键股份,39.95,0.66,0.26,41097,163889131.57,2.07,40.32,39.5,39.5,39.69,0.49,14.91,60.78,2.66,2023-06-19
9,301320,豪江智能,27.15,5.64,1.45,267572,746300631.95,18.17,30.28,25.61,25.61,25.7,1.0,62.28,95.42,4.76,2023-06-19
10,688623,双元科技,94.47,0.44,0.41,12547,119312759.0,2.6,95.96,93.51,93.67,94.06,0.75,9.34,53.86,2.7,2023-06-19
11,688576,西山科技,137.5,-1.04,-1.45,15471,212934217.0,3.17,140.4,136.0,139.0,138.95,0.65,13.04,76.07,3.53,2023-06-19
12,301323,新莱福,41.6,0.82,0.34,38333,159355573.55,3.08,42.27,41.0,41.22,41.26,0.55,16.39,38.6,2.32,2023-06-19
13,688570,天玛智控,27.7,-0.57,-0.16,55992,155657698.0,2.44,28.09,27.41,27.55,27.86,0.8,10.31,32.09,3.13,2023-06-19
14,688523,航天环宇,27.1,-0.66,-0.18,49650,135051821.0,3.15,27.61,26.75,27.01,27.28,0.96,14.67,494.66,7.15,2023-06-19
15,301310,鑫宏业,65.8,2.94,1.88,57054,374755439.85,7.7,68.0,63.08,63.19,63.92,1.08,25.82,44.59,2.95,2023-06-19
16,688593,新相微,19.63,-0.2,-0.04,87597,173035108.0,2.34,19.96,19.5,19.52,19.67,0.66,12.81,112.35,5.69,2023-06-19
17,001373,翔腾新材,44.95,0.74,0.33,35512,159605763.01,3.34,45.49,44.0,44.45,44.62,0.8,20.68,76.34,3.52,2023-06-19
18,301353,普莱得,37.59,0.78,0.29,20227,76037256.68,2.52,37.94,37.0,37.03,37.3,0.83,10.65,46.6,2.37,2023-06-19
19,301337,亚华电子,39.69,4.39,1.67,58460,231107603.03,5.47,40.2,38.12,38.12,38.02,1.5,23.66,251.53,3.69,2023-06-19
20,301252,同星科技,54.5,3.01,1.59,80250,439798211.35,10.92,57.99,52.21,52.5,52.91,0.87,40.13,42.38,4.14,2023-06-19
21,688562,航天软件,31.78,-0.72,-0.23,91614,295582989.0,4.47,33.08,31.65,31.77,32.01,0.9,13.92,-5220.93,7.21,2023-06-19
22,001282,三联锻造,34.39,10.01,3.13,78257,267739025.75,4.45,34.39,33.0,34.2,31.26,1.23,28.14,51.01,2.92,2023-06-19
23,301399,英特科技,71.25,6.39,4.28,104802,748187550.99,12.86,74.99,66.38,66.9,66.97,1.22,50.23,120.96,4.89,2023-06-19
24,301305,朗坤环境,21.66,-1.01,-0.22,34317,74696846.12,1.51,21.99,21.66,21.95,21.88,0.93,6.13,31.13,1.59,2023-06-19
25,688458,美芯晟,88.33,0.95,0.83,8724,76369700.0,3.17,88.77,86.0,87.57,87.5,0.65,4.83,-391.49,3.45,2023-06-19
26,001324,长青科技,22.76,1.07,0.24,77845,178235929.78,3.42,23.28,22.51,22.53,22.52,1.38,23.03,60.45,2.97,2023-06-19
27,688581,安杰思,124.3,2.25,2.74,5837,71178833.0,4.24,124.89,119.74,119.74,121.56,1.08,4.52,52.54,3.48,2023-06-19
28,688361,中科飞测-U,80.0,1.28,1.01,46549,372206883.0,3.72,81.45,78.51,79.52,78.99,1.19,7.77,204.04,11.13,2023-06-19
29,301428,世纪恒通,41.0,0.61,0.25,35513,144512032.8,3.04,41.24,40.0,40.5,40.75,0.83,15.18,56.89,3.45,2023-06-19
30,688552,航天南湖,25.61,-0.66,-0.17,41834,107594395.0,1.63,25.96,25.54,25.6,25.78,0.78,5.47,-126.46,3.33,2023-06-19
31,301332,德尔玛,14.06,-1.47,-0.21,89638,126022138.69,1.68,14.22,13.98,14.18,14.27,0.75,10.6,69.83,2.4,2023-06-19
32,301382,蜂助手,44.12,3.2,1.37,71095,309405402.79,4.73,44.44,42.42,42.55,42.75,1.21,19.65,63.64,4.76,2023-06-19
33,688512,慧智微-U,25.47,7.97,1.88,76526,187859859.0,9.96,25.5,23.15,23.38,23.59,1.09,15.79,-43.92,4.75,2023-06-19
34,001380,华纬科技,30.9,5.32,1.56,82014,252654385.63,6.58,31.63,29.7,29.7,29.34,1.94,25.98,36.69,2.83,2023-06-19
35,301325,曼恩斯特,103.13,-3.16,-3.37,20212,209985354.4,4.11,106.41,102.03,105.0,106.5,0.84,8.16,46.0,4.55,2023-06-19
36,688479,友车科技,34.5,1.47,0.5,25515,87524613.0,2.62,34.71,33.82,34.38,34.0,0.63,7.84,34.29,2.74,2023-06-19
37,688469,中芯集成-U,5.89,0.0,0.0,537697,317923914.0,2.04,5.97,5.85,5.87,5.89,1.15,5.17,-20.7,3.36,2023-06-19
38,603172,万丰股份,17.69,-1.67,-0.3,53709,96441789.0,2.95,18.19,17.66,18.0,17.99,1.47,16.42,38.35,2.34,2023-06-19
39,301390,经纬股份,45.77,-0.22,-0.1,18404,84473112.78,1.85,46.29,45.44,45.73,45.87,0.59,12.27,-1193.3,3.08,2023-06-19
40,688249,晶合集成,19.78,-0.45,-0.09,134387,267080703.0,1.96,20.09,19.7,19.84,19.87,0.83,3.85,-30.01,1.76,2023-06-19
41,301293,三博脑科,101.18,0.52,0.52,80752,820918423.4,5.02,104.55,99.5,99.5,100.66,0.92,23.66,161.71,7.0,2023-06-19
42,301360,荣旗科技,88.07,1.52,1.32,16036,140787106.77,3.05,88.83,86.18,86.99,86.75,0.7,13.4,-180.91,4.31,2023-06-19
43,688478,晶升股份,48.9,-0.29,-0.14,37945,186341056.0,4.57,50.24,48.0,48.75,49.04,0.92,13.27,693.42,4.39,2023-06-19
44,301307,美利信,33.58,-1.76,-0.6,64021,216470642.76,4.15,34.72,33.3,34.23,34.18,0.72,13.63,31.77,2.22,2023-06-19
45,688146,中船特气,44.3,-0.74,-0.33,41559,185517043.0,2.46,45.27,44.17,44.26,44.63,1.15,7.03,68.73,4.53,2023-06-19
46,688352,颀中科技,14.59,-2.41,-0.36,135288,200748758.0,4.62,15.22,14.53,14.88,14.95,1.32,8.94,141.67,3.16,2023-06-19
47,603137,恒尚节能,19.44,-1.67,-0.33,17394,34073898.0,2.12,19.86,19.44,19.78,19.77,0.84,5.43,9.73,2.35,2023-06-19
48,688539,高华科技,43.8,8.36,3.38,35723,152551492.0,10.09,44.06,39.98,40.0,40.42,2.73,12.66,101.2,3.45,2023-06-19
49,688507,索辰科技,223.42,3.96,8.52,8883,197747800.0,7.36,228.8,212.99,214.56,214.9,1.59,9.79,-118.32,3.28,2023-06-19
50,301387,光大同创,48.57,1.1,0.53,16167,78226072.84,2.73,48.99,47.68,48.01,48.04,0.73,9.7,36.31,2.34,2023-06-19
51,301357,北方长龙,49.09,1.93,0.93,15979,78157410.22,3.07,49.3,47.82,48.03,48.16,1.21,9.91,46.98,2.91,2023-06-19
52,688433,华曙高科,30.94,-3.73,-1.2,31003,97632841.0,4.29,32.23,30.85,32.14,32.14,0.97,8.97,156.58,7.08,2023-06-19
53,301429,森泰股份,22.69,-1.18,-0.27,18556,42149121.81,2.31,23.05,22.52,22.86,22.96,0.71,6.62,39.95,2.04,2023-06-19
54,603135,中重科技,19.48,-2.55,-0.51,92832,182064902.0,2.7,19.99,19.45,19.99,19.99,1.33,10.63,44.27,1.93,2023-06-19
55,603125,XD常青科,29.27,-1.81,-0.54,24962,73836920.0,2.68,30.07,29.27,29.74,29.81,1.16,5.29,30.45,2.82,2023-06-19
56,601133,柏诚股份,16.67,-1.01,-0.17,144511,244294631.0,5.05,17.4,16.55,17.0,16.84,0.99,11.46,53.89,3.33,2023-06-19
57,601065,XD江盐集,12.59,-5.34,-0.71,302091,385777931.0,4.51,13.15,12.55,13.12,13.3,0.8,19.47,14.47,2.15,2023-06-19
58,601061,中信金属,9.41,-0.11,-0.01,419229,396077519.0,1.8,9.52,9.35,9.35,9.42,1.11,8.62,21.24,2.23,2023-06-19
59,001367,海森药业,46.83,-0.8,-0.38,7354,34481035.14,1.69,47.4,46.6,47.4,47.21,0.95,4.41,31.85,2.72,2023-06-19
60,001360,南矿集团,17.71,-0.9,-0.16,19168,34120311.54,1.68,17.98,17.68,17.77,17.87,0.71,3.84,61.24,2.8,2023-06-19
61,001328,登康口腔,33.62,-2.64,-0.91,57353,194264335.39,3.27,34.69,33.56,34.69,34.53,1.2,13.6,44.83,2.73,2023-06-19
62,001287,中电港,33.83,1.44,0.48,402324,1343677994.94,5.34,34.28,32.5,33.06,33.35,0.75,21.83,90.31,5.31,2023-06-19
63,001286,陕西能源,10.27,-0.58,-0.06,274093,282111998.21,1.16,10.36,10.24,10.33,10.33,0.82,3.77,11.24,1.79,2023-06-19
64,688484,南芯科技,43.49,-1.52,-0.67,29017,127146513.0,2.67,44.49,43.31,44.0,44.16,0.77,5.3,148.74,3.15,2023-06-19
65,688535,华海诚科,67.59,4.99,3.21,33918,222457027.0,7.95,67.69,62.57,63.51,64.38,1.52,20.64,328.09,3.29,2023-06-19
66,688343,云天励飞-U,78.2,-0.28,-0.22,79205,624258623.0,2.81,80.16,77.96,78.2,78.42,0.87,10.63,-76.91,3.39,2023-06-19
67,301281,科源制药,26.02,-1.48,-0.39,11222,29285408.57,1.4,26.33,25.96,26.25,26.41,0.98,4.37,21.95,1.37,2023-06-19
68,301203,国泰环保,35.04,-0.6,-0.21,2900,10173818.54,0.88,35.29,34.98,35.23,35.25,0.81,1.7,22.71,1.28,2023-06-19
69,301141,中科磁业,40.0,0.73,0.29,17023,67676521.47,1.91,40.15,39.39,39.47,39.71,0.8,8.4,67.63,1.72,2023-06-19
70,688531,日联科技,153.03,0.74,1.13,5697,87434331.0,2.71,156.0,151.88,153.89,151.9,0.88,3.28,216.01,3.85,2023-06-19
71,603162,海通发展,17.34,-1.31,-0.23,8359,14544243.0,1.31,17.55,17.32,17.42,17.57,0.82,1.37,34.5,3.06,2023-06-19
72,600925,苏能股份,6.1,-0.49,-0.03,89535,54684754.0,0.82,6.14,6.09,6.12,6.13,0.65,1.3,12.21,2.65,2023-06-19
73,301386,未来电器,24.73,-0.68,-0.17,18107,45035149.82,1.69,25.11,24.69,24.8,24.9,0.48,5.45,54.17,2.33,2023-06-19
74,301314,科瑞思,55.1,1.32,0.72,15383,84404903.79,2.45,55.38,54.05,54.15,54.38,1.18,11.14,43.96,2.97,2023-06-19
75,603291,联合水务,14.36,1.7,0.24,78628,112980119.0,2.83,14.53,14.13,14.13,14.12,1.16,18.58,88.94,3.89,2023-06-19
76,603065,宿迁联盛,14.91,-1.06,-0.16,18292,27346852.0,1.53,15.13,14.9,15.02,15.07,0.64,4.37,34.79,3.03,2023-06-19
77,301345,涛涛车业,47.27,-1.21,-0.58,6570,31294695.94,1.8,48.12,47.26,47.76,47.85,0.68,2.74,37.05,1.92,2023-06-19
78,301378,通达海,75.62,2.88,2.12,16043,119455594.25,5.84,76.29,72.0,73.33,73.5,1.0,9.3,235.1,3.75,2023-06-19
79,301246,宏源药业,32.29,0.09,0.03,7351,23741667.21,0.77,32.45,32.2,32.3,32.26,1.02,1.66,49.87,2.98,2023-06-19
80,301439,泓淋电力,18.3,-1.13,-0.21,53773,98708423.28,2.0,18.59,18.22,18.59,18.51,0.79,5.83,43.31,2.7,2023-06-19
81,603073,彩蝶实业,20.9,4.45,0.89,55580,114443983.0,7.15,21.25,19.82,19.97,20.01,1.76,19.17,34.16,2.02,2023-06-19
82,603282,亚光股份,34.19,-1.01,-0.35,23512,81247894.0,3.97,35.3,33.93,34.6,34.54,1.22,7.02,27.9,4.03,2023-06-19
83,603153,上海建科,18.88,-0.47,-0.09,39566,74534935.0,1.32,18.96,18.71,18.85,18.97,0.81,7.19,98.08,2.38,2023-06-19
84,001368,通达创智,24.16,-1.91,-0.47,14930,36313828.59,1.91,24.62,24.15,24.51,24.63,1.06,5.33,21.84,2.02,2023-06-19
85,601121,宝地矿业,7.81,-0.89,-0.07,41753,32693747.0,1.02,7.89,7.81,7.88,7.88,0.73,2.09,49.93,2.1,2023-06-19
86,688502,茂莱光学,178.45,2.29,3.99,9781,173683714.0,4.69,181.18,173.0,173.4,174.46,1.17,8.11,168.59,8.17,2023-06-19
87,301157,华塑科技,61.26,1.86,1.12,31302,188507249.46,6.9,62.15,58.0,58.53,60.14,1.1,22.0,204.93,3.58,2023-06-19
88,001278,一彬科技,23.0,1.86,0.42,38616,88609354.9,3.63,23.32,22.5,22.52,22.58,1.01,12.48,37.7,2.35,2023-06-19
89,001366,播恩集团,16.4,-0.85,-0.14,30850,51047756.17,2.6,16.79,16.36,16.41,16.54,0.68,7.65,35.56,3.17,2023-06-19
90,301322,绿通科技,61.46,-2.85,-1.8,16213,100750323.78,3.7,63.62,61.28,62.85,63.26,0.63,6.52,26.76,2.31,2023-06-19
91,603061,金海通,121.4,0.42,0.51,12931,155982356.0,3.18,122.0,118.15,120.6,120.89,0.61,8.62,57.09,5.35,2023-06-19
92,001337,四川黄金,32.3,0.12,0.04,53571,172321628.56,1.89,32.4,31.79,32.0,32.26,0.77,8.93,54.83,11.21,2023-06-19
93,688522,纳睿雷达,53.95,0.52,0.28,12788,68819711.0,2.29,54.4,53.17,53.67,53.67,1.03,3.57,245.99,3.87,2023-06-19
94,301408,华人健康,17.24,-1.37,-0.24,19950,34625739.98,1.95,17.56,17.22,17.48,17.48,1.07,3.54,58.48,3.71,2023-06-19
95,001311,多利科技,60.89,-1.5,-0.93,29073,178313996.43,2.94,62.59,60.77,61.82,61.82,0.64,6.33,26.24,2.87,2023-06-19
96,001225,和泰机电,45.21,-0.18,-0.08,2336,10583098.0,1.19,45.55,45.01,45.21,45.29,0.93,1.44,23.3,2.14,2023-06-19
97,688486,龙迅股份,109.87,-2.09,-2.35,8873,98746686.0,3.97,113.8,109.34,111.2,112.22,0.84,5.97,260.63,5.71,2023-06-19
98,301303,真兰仪表,22.34,-0.58,-0.13,12808,28730189.0,0.89,22.53,22.33,22.4,22.47,0.88,1.85,32.94,2.32,2023-06-19
99,603190,亚通精工,30.51,-0.29,-0.09,23741,72412858.0,1.9,30.89,30.31,30.6,30.6,0.43,7.91,16.77,1.87,2023-06-19
100,688307,中润光学,32.57,3.83,1.2,13600,43713506.0,5.16,32.77,31.15,31.15,31.37,1.71,7.45,-756.29,3.6,2023-06-19
101,603307,扬州金泉,48.09,-2.65,-1.31,8489,41283288.0,2.94,49.53,48.08,49.39,49.4,1.54,5.07,13.71,2.71,2023-06-19
102,001260,坤泰股份,21.69,0.23,0.05,13042,28212968.17,1.99,21.88,21.45,21.66,21.64,0.52,4.54,66.82,3.41,2023-06-19
103,001314,亿道信息,46.0,-0.09,-0.04,52142,240573465.07,1.78,46.54,45.72,46.09,46.04,0.66,14.85,62.86,3.3,2023-06-19
104,688515,裕太微-U,184.32,9.2,15.53,31009,561632633.0,11.11,189.75,171.0,172.99,168.79,1.76,17.02,-136.88,7.61,2023-06-19
105,301419,阿莱德,49.35,6.7,3.1,102779,489819850.14,15.55,52.7,45.51,46.19,46.25,1.3,43.35,120.3,5.45,2023-06-19
106,301358,湖南裕能,41.35,-1.83,-0.77,34538,143386855.51,3.35,42.53,41.12,42.25,42.12,1.07,2.77,27.84,3.14,2023-06-19
107,301373,凌玮科技,32.35,0.68,0.22,7792,25034004.51,1.59,32.36,31.85,32.08,32.13,1.53,3.09,35.05,2.45,2023-06-19
108,301260,格力博,23.78,-0.83,-0.2,64776,154541344.53,2.42,24.2,23.62,23.7,23.98,0.99,5.68,33.04,2.29,2023-06-19
109,601059,信达证券,14.86,-1.13,-0.17,170225,253369126.0,1.0,14.98,14.83,14.96,15.03,0.58,5.25,55.8,2.9,2023-06-19
110,603281,江瀚新材,31.34,0.0,0.0,17326,54673853.0,3.1,32.18,31.21,31.5,31.34,1.45,1.86,18.95,2.73,2023-06-19
111,603173,福斯达,27.71,-1.04,-0.29,10975,30564323.0,1.79,28.15,27.65,27.85,28.0,1.45,2.74,31.45,3.42,2023-06-19
112,688435,英方软件,94.58,7.58,6.66,20726,192610044.0,10.1,96.82,87.94,88.0,87.92,1.24,11.76,-533.11,7.04,2023-06-19
113,301317,鑫磊股份,28.32,-3.67,-1.08,29579,84903445.66,7.07,30.28,28.2,30.0,29.4,0.68,7.94,62.45,4.15,2023-06-19
114,688485,九州一轨,15.69,1.23,0.19,10885,17085067.0,2.45,15.87,15.49,15.5,15.5,2.19,3.4,-40.18,1.8,2023-06-19
115,688506,百利天恒-U,76.12,-2.03,-1.58,6855,52366338.0,4.88,78.79,75.0,76.0,77.7,0.81,2.07,-45.74,39.96,2023-06-19
116,688525,佰维存储,100.01,4.87,4.64,97565,966526380.0,9.38,102.55,93.6,95.0,95.37,1.06,28.05,-85.38,18.75,2023-06-19
117,301297,富乐德,23.94,0.72,0.17,90734,214752082.2,5.38,24.11,22.83,23.63,23.77,0.97,12.13,115.29,5.87,2023-06-19
118,301105,鸿铭股份,36.58,1.39,0.5,4821,17738950.12,3.94,37.5,36.08,36.08,36.08,2.68,3.86,341.7,1.99,2023-06-19
119,688496,清越科技,21.2,0.0,0.0,75765,158480147.0,4.15,21.39,20.51,20.84,21.2,0.8,8.83,567.57,7.64,2023-06-19
120,688475,萤石网络,49.09,3.41,1.62,43981,215759192.0,6.45,50.16,47.1,48.0,47.47,1.37,4.99,75.72,5.77,2023-06-19
121,001301,尚太科技,64.06,-4.22,-2.82,18873,121988734.58,4.55,66.84,63.8,66.15,66.88,0.9,2.91,18.05,3.22,2023-06-19
122,301301,川宁生物,9.07,-1.73,-0.16,92213,84063580.74,1.73,9.22,9.06,9.2,9.23,1.15,4.41,28.73,3.27,2023-06-19
123,301255,通力科技,32.91,-2.11,-0.71,132629,427386613.57,7.76,33.61,31.0,31.0,33.62,1.89,48.76,51.48,3.66,2023-06-19
124,688410,山外山,58.47,-0.56,-0.33,12279,71307452.0,4.1,59.35,56.94,58.8,58.8,0.58,3.54,28.36,5.32,2023-06-19
125,301280,珠城科技,34.88,-0.49,-0.17,7439,25920669.63,1.34,35.08,34.61,34.83,35.05,0.57,3.21,24.57,2.1,2023-06-19
126,688147,微导纳米,54.79,1.11,0.6,17076,92457450.0,3.12,55.0,53.31,54.58,54.19,1.02,4.26,-5715.88,12.69,2023-06-19
127,688141,杰华特,43.24,6.24,2.54,43818,184566703.0,8.7,43.72,40.18,40.45,40.7,1.58,8.86,-84.55,6.26,2023-06-19
128,601136,首创证券,15.22,0.26,0.04,214761,326418380.0,2.04,15.32,15.01,15.06,15.18,0.56,7.86,59.13,3.38,2023-06-19
129,688498,源杰科技,330.0,16.61,47.0,44133,1383229531.0,20.0,339.6,283.0,283.0,283.0,1.24,24.88,590.88,13.29,2023-06-19
130,688172,燕东微,26.7,7.75,1.92,223795,589297645.0,8.72,27.37,25.21,25.79,24.78,1.98,17.77,89.83,2.22,2023-06-19
131,301265,华新环保,11.62,-0.17,-0.02,18671,21685201.85,1.2,11.68,11.54,11.58,11.64,0.73,2.46,31.72,1.77,2023-06-19
132,301398,星源卓镁,36.92,1.57,0.57,24910,91737301.03,3.44,37.27,36.02,36.61,36.35,0.99,12.92,43.59,2.91,2023-06-19
133,301368,丰立智能,59.23,1.13,0.66,117004,672948417.02,8.16,60.46,55.68,57.36,58.57,1.18,38.87,221.85,7.34,2023-06-19
134,688143,长盈通,45.85,6.13,2.65,18458,83085570.0,9.93,46.48,42.19,43.19,43.2,2.89,8.97,-127.6,3.48,2023-06-19
135,001223,欧克科技,80.02,-4.28,-3.58,17315,141089624.1,8.24,85.79,78.9,83.58,83.6,1.16,10.38,45.28,2.96,2023-06-19
136,688503,聚和材料,89.58,3.19,2.77,25678,225668677.0,5.29,89.66,85.07,87.0,86.81,1.21,6.76,29.94,3.22,2023-06-19
137,688420,美腾科技,39.48,-1.13,-0.45,5960,23567093.0,2.05,40.12,39.3,40.0,39.93,1.17,2.7,173.8,2.46,2023-06-19
138,688084,晶品特装,76.0,7.44,5.26,9460,71224842.0,11.15,78.4,70.51,70.58,70.74,2.61,5.19,-138.14,3.41,2023-06-19
139,601022,宁波远洋,10.31,-1.81,-0.19,31747,32884120.0,1.71,10.49,10.31,10.49,10.5,0.95,2.43,21.5,2.64,2023-06-19
140,001333,光华股份,25.14,0.16,0.04,2765,6948748.54,0.44,25.2,25.09,25.1,25.1,0.7,0.86,32.82,2.15,2023-06-19
141,001256,炜冈科技,18.12,-0.38,-0.07,8474,15441892.78,1.7,18.4,18.09,18.19,18.19,1.11,2.38,34.64,2.47,2023-06-19
142,688489,三未信安,67.85,3.75,2.45,17641,118017644.0,5.44,68.49,64.93,65.5,65.4,1.04,6.98,-510.61,4.18,2023-06-19
143,301391,卡莱特,117.2,0.74,0.86,7516,88275393.69,3.77,119.77,115.38,117.18,116.34,0.9,4.71,68.16,3.96,2023-06-19
144,301311,昆船智能,26.93,1.74,0.46,192822,516397624.88,4.46,27.27,26.09,26.09,26.47,1.15,32.14,251.78,3.63,2023-06-19
145,301290,东星医疗,32.39,0.25,0.08,4156,13410469.89,1.3,32.48,32.06,32.1,32.31,0.72,1.74,45.09,1.5,2023-06-19
146,688480,赛恩斯,30.2,0.23,0.07,11537,34511091.0,4.31,30.76,29.46,29.85,30.13,1.48,5.7,53.43,3.39,2023-06-19
147,301377,鼎泰高科,23.59,2.12,0.49,80209,188789341.71,5.41,24.06,22.81,22.98,23.1,0.97,16.04,35.42,4.34,2023-06-19
148,301365,矩阵股份,17.06,-1.73,-0.3,27904,47578337.34,2.19,17.34,16.96,17.22,17.36,0.7,6.2,48.75,1.8,2023-06-19
149,301165,锐捷网络,63.4,4.83,2.92,124209,762777659.75,6.12,63.53,59.83,60.6,60.48,1.34,20.22,75.43,9.08,2023-06-19
150,688376,XD美埃科,38.25,0.08,0.03,12501,47964107.0,3.22,38.9,37.67,38.48,38.22,1.1,3.88,38.29,3.44,2023-06-19
151,603130,云中马,22.16,-1.29,-0.29,11344,25341072.0,2.18,22.64,22.15,22.49,22.45,0.86,3.24,40.42,2.51,2023-06-19
152,301335,天元宠物,24.0,-2.24,-0.55,10028,24290333.05,2.32,24.56,23.99,24.5,24.55,1.93,3.18,55.64,1.61,2023-06-19
153,688362,甬矽电子,35.25,0.46,0.16,30989,109857405.0,2.88,35.9,34.89,35.42,35.09,0.85,6.46,-72.04,5.74,2023-06-19
154,301361,众智科技,28.39,0.71,0.2,51230,145073553.59,3.19,28.67,27.77,28.25,28.19,0.92,17.61,52.79,3.23,2023-06-19
155,301277,新天地,19.44,-2.95,-0.59,32486,64003867.63,3.25,20.08,19.43,20.08,20.03,1.45,6.49,20.81,2.91,2023-06-19
156,001338,永顺泰,19.86,0.05,0.01,154404,306811728.38,2.77,20.09,19.54,19.6,19.85,0.47,12.31,71.07,3.08,2023-06-19
157,301356,天振股份,22.33,-0.8,-0.18,7337,16417888.92,0.8,22.5,22.32,22.42,22.51,0.73,1.36,25.28,1.45,2023-06-19
158,301396,宏景科技,36.31,-0.03,-0.01,29540,107537189.22,2.29,36.8,35.97,36.13,36.32,0.74,10.78,421.42,3.19,2023-06-19
159,688432,有研硅,16.32,0.8,0.13,71299,115875532.0,1.91,16.39,16.08,16.21,16.19,0.77,4.76,65.91,5.02,2023-06-19
160,301388,欣灵电气,26.24,0.19,0.05,26214,68610172.61,2.14,26.38,25.82,26.11,26.19,0.67,10.23,34.18,2.78,2023-06-19
161,301359,东南电子,26.46,-2.25,-0.61,51260,135511508.75,2.88,27.0,26.22,27.0,27.07,0.58,23.89,68.98,2.76,2023-06-19
162,603280,南方路机,24.12,0.04,0.01,11353,27462603.0,2.24,24.44,23.9,24.0,24.11,0.83,4.19,83.84,2.29,2023-06-19
163,688419,耐科装备,43.62,2.06,0.88,26683,114789019.0,5.12,43.96,41.77,42.44,42.74,1.42,13.51,67.15,3.84,2023-06-19
164,301267,华厦眼科,67.35,-2.79,-1.93,14505,98884040.59,2.9,69.36,67.35,69.0,69.28,0.86,2.42,62.74,7.17,2023-06-19
165,301379,天山电子,28.31,1.98,0.55,15354,43313691.6,3.03,28.49,27.65,27.73,27.76,1.16,6.06,27.21,2.36,2023-06-19
166,301367,怡和嘉业,160.11,-1.12,-1.82,8175,132086545.15,3.87,164.29,158.02,162.01,161.93,0.89,5.11,16.48,3.89,2023-06-19
167,301230,泓博医药,61.15,3.15,1.87,21222,128629528.84,4.59,61.72,59.0,59.28,59.28,1.08,12.25,76.93,4.3,2023-06-19
168,301389,隆扬电子,17.7,0.28,0.05,17480,30936169.28,2.04,17.81,17.45,17.45,17.65,0.98,2.47,65.17,2.33,2023-06-19
169,001299,美能能源,15.93,1.34,0.21,37746,59763348.58,4.96,16.25,15.47,15.5,15.72,1.63,8.05,35.1,2.39,2023-06-19
170,001298,好上好,25.42,1.07,0.27,26081,66475967.13,2.78,25.72,25.02,25.02,25.15,0.71,7.49,205.56,2.41,2023-06-19
171,688152,麒麟信安,114.0,2.55,2.84,12272,137349763.0,6.48,115.2,108.0,109.97,111.16,1.64,6.96,-1695.76,6.93,2023-06-19
172,688372,伟测科技,146.32,6.26,8.62,18896,260772639.0,10.33,146.51,132.29,137.85,137.7,1.83,10.08,116.82,5.3,2023-06-19
173,688291,金橙子,31.95,3.87,1.19,20873,65709863.0,5.79,32.11,30.33,30.88,30.76,1.39,8.54,66.87,3.64,2023-06-19
174,301223,中荣股份,18.49,-1.33,-0.25,8481,15758993.0,1.39,18.72,18.46,18.69,18.74,1.15,1.76,17.57,1.32,2023-06-19
175,001322,箭牌家居,17.29,-5.47,-1.0,80818,141669301.39,5.85,18.21,17.14,18.21,18.29,1.09,8.37,1341.62,3.65,2023-06-19
176,688426,康为世纪,26.37,-0.98,-0.26,8356,22154092.0,3.34,26.89,26.0,26.5,26.63,0.92,3.33,185.45,1.7,2023-06-19
177,301380,挖金客,56.0,2.4,1.31,37317,204043767.94,5.65,56.48,53.39,54.44,54.69,1.17,21.95,69.53,4.3,2023-06-19
178,301273,瑞晨环保,30.05,-1.7,-0.52,10497,31594872.06,2.72,30.68,29.85,30.57,30.57,1.72,5.86,-165.45,2.18,2023-06-19
179,688244,永信至诚,71.77,1.11,0.79,14224,100785614.0,7.04,74.0,69.0,71.58,70.98,1.38,9.66,-75.52,4.88,2023-06-19
180,603151,邦基科技,16.47,-0.12,-0.02,11220,18496766.0,0.85,16.57,16.43,16.56,16.49,0.87,2.67,29.56,2.37,2023-06-19
181,301299,卓创资讯,69.9,9.82,6.25,82216,529071703.62,21.38,73.69,60.08,63.65,63.65,3.02,54.81,61.78,6.34,2023-06-19
182,001300,三柏硕,12.77,-1.31,-0.17,11393,14617102.0,1.55,12.96,12.76,12.93,12.94,0.61,1.87,203.45,2.85,2023-06-19
183,688061,灿瑞科技,75.55,-0.33,-0.25,14290,107763982.0,3.68,77.0,74.21,75.75,75.8,1.35,7.82,-1069.33,2.3,2023-06-19
184,688031,星环科技-U,160.72,12.57,17.95,26175,409819705.0,18.21,165.0,139.0,141.0,142.77,1.57,9.11,-56.82,11.93,2023-06-19
185,603163,圣晖集成,45.59,-2.65,-1.24,12244,56322587.0,3.89,47.22,45.4,46.71,46.83,0.95,4.9,31.46,4.66,2023-06-19
186,301316,慧博云通,27.2,4.7,1.22,93067,247317481.54,6.27,27.3,25.67,25.72,25.98,1.83,23.26,209.72,11.51,2023-06-19
187,688459,哈铁科技,9.84,-0.61,-0.06,51238,50685151.0,2.12,9.99,9.78,9.9,9.9,1.99,5.87,-1389.54,1.47,2023-06-19
188,301363,美好医疗,44.86,4.52,1.94,23894,105497296.14,7.04,45.5,42.48,42.68,42.92,2.36,5.93,42.07,6.12,2023-06-19
189,688073,毕得医药,74.91,-1.85,-1.41,5742,43337809.0,3.85,77.34,74.4,76.45,76.32,1.05,2.94,46.09,3.39,2023-06-19
190,603052,可川科技,30.44,3.57,1.05,14662,44191024.0,4.36,30.57,29.29,29.29,29.39,2.13,6.09,39.33,2.74,2023-06-19
191,688409,XD富创精,116.0,0.86,0.99,7693,88716788.0,3.19,116.87,113.2,114.41,115.01,0.54,1.65,153.92,5.34,2023-06-19
192,301313,凡拓数创,45.84,-0.11,-0.05,43445,199357840.37,2.48,46.46,45.32,45.59,45.89,0.62,16.98,-2799.8,4.56,2023-06-19
193,001269,欧晶科技,63.07,1.59,0.99,53531,338637924.59,4.96,64.58,61.5,62.09,62.08,1.09,11.13,17.63,9.75,2023-06-19
194,001255,博菲电气,37.11,-0.78,-0.29,11242,41781604.76,1.55,37.48,36.9,37.13,37.4,0.89,5.62,39.56,4.06,2023-06-19
195,688275,万润新能,91.35,-1.83,-1.7,3360,30818400.0,2.22,92.95,90.88,92.24,93.05,1.22,1.14,-85.25,1.4,2023-06-19
196,688137,近岸蛋白,52.16,-1.27,-0.67,2563,13477234.0,1.99,53.11,52.06,53.11,52.83,0.84,1.51,82.14,1.68,2023-06-19
197,301319,唯特偶,56.23,3.86,2.09,15119,84545820.21,5.65,57.14,54.08,54.95,54.14,2.08,10.31,30.43,3.11,2023-06-19
198,301285,鸿日达,14.47,0.7,0.1,65326,94114272.23,1.88,14.55,14.28,14.35,14.37,0.69,12.64,-92.34,2.9,2023-06-19
199,301176,逸豪新材,17.09,0.18,0.03,7084,12115693.38,1.41,17.22,16.98,17.05,17.06,0.69,1.73,-260.12,1.74,2023-06-19
200,688392,骄成超声,91.2,-0.12,-0.11,9196,83648042.0,2.66,91.98,89.55,90.23,91.31,0.82,3.6,85.1,6.15,2023-06-19
201,688252,天德钰,22.13,2.64,0.57,22566,49469291.0,5.33,22.33,21.18,21.56,21.56,1.22,6.25,212.9,4.94,2023-06-19
202,688387,信科移动-U,8.09,2.53,0.2,381811,303279686.0,5.83,8.11,7.65,7.88,7.89,1.51,7.9,185.0,3.98,2023-06-19
203,603057,紫燕食品,24.77,0.28,0.07,8726,21610229.0,2.51,24.99,24.37,24.56,24.7,0.84,2.08,57.14,5.77,2023-06-19
204,301366,一博科技,86.88,4.7,3.9,56233,475484459.24,7.23,87.5,81.5,83.81,82.98,0.92,27.52,80.65,3.46,2023-06-19
205,301227,森鹰窗业,27.0,-4.26,-1.2,16248,43981705.02,3.51,27.79,26.8,27.79,28.2,0.87,7.29,-114.16,1.52,2023-06-19
206,688132,邦彦技术,26.13,4.19,1.05,28680,74341480.0,6.3,26.5,24.92,24.92,25.08,2.29,8.14,84.46,2.5,2023-06-19
207,301369,联动科技,83.87,0.58,0.48,16534,138135136.46,2.96,84.48,82.01,83.0,83.39,0.81,9.5,1200.18,4.06,2023-06-19
208,688448,磁谷科技,35.92,11.28,3.64,43107,152087195.0,18.43,37.77,31.82,33.05,32.28,2.46,25.47,-523.31,2.73,2023-06-19
209,688428,诺诚健华-U,12.23,0.41,0.05,36617,44365385.0,3.2,12.3,11.91,12.08,12.18,0.74,1.51,-434.81,2.87,2023-06-19
210,301331,恩威医药,37.78,-2.12,-0.82,9927,37721595.0,2.8,38.7,37.62,38.7,38.6,1.45,5.66,23.94,2.48,2023-06-19
211,301326,捷邦科技,37.86,1.77,0.66,10229,38566471.55,3.66,38.44,37.08,37.2,37.2,0.65,6.07,-57.51,2.0,2023-06-19
212,001332,锡装股份,37.93,0.58,0.22,10288,39079279.98,1.96,38.48,37.74,37.75,37.71,1.03,3.81,18.86,1.95,2023-06-19
213,688184,帕瓦股份,30.63,-0.94,-0.29,2678,8224052.0,1.1,30.92,30.58,30.85,30.92,1.26,0.94,159.91,1.32,2023-06-19
214,688035,德邦科技,61.69,8.44,4.8,32275,195994871.0,13.1,63.85,56.4,56.52,56.89,2.29,10.48,91.19,4.01,2023-06-19
215,301327,华宝新能,79.07,-0.87,-0.69,8716,69313413.24,2.11,80.6,78.92,79.49,79.76,1.01,2.73,-83.14,1.6,2023-06-19
216,301309,万得凯,27.24,-0.4,-0.11,4233,11563692.43,1.28,27.51,27.16,27.35,27.35,0.92,1.69,46.07,2.02,2023-06-19
217,001238,浙江正特,22.43,-2.35,-0.54,15976,36105375.8,4.96,23.36,22.22,23.36,22.97,1.42,5.81,27.27,2.21,2023-06-19
218,688455,科捷智能,14.46,0.84,0.12,6945,10036750.0,1.19,14.51,14.34,14.34,14.34,0.78,1.72,-25.48,2.06,2023-06-19
219,301161,唯万密封,22.49,-1.88,-0.43,21353,48300625.92,2.27,22.94,22.42,22.82,22.92,0.81,7.37,39.09,2.96,2023-06-19
220,688391,钜泉科技,67.01,-0.37,-0.25,8677,58376871.0,3.32,68.46,66.23,66.5,67.26,1.4,4.69,40.52,2.88,2023-06-19
221,301205,联特科技,250.62,12.21,27.27,60731,1450108085.25,16.93,258.01,220.2,225.11,223.35,1.17,33.7,170.53,12.58,2023-06-19
222,688114,华大智造,86.88,-1.04,-0.91,5982,52159469.0,3.28,88.88,86.0,87.95,87.79,0.71,1.72,-60.26,3.89,2023-06-19
223,603182,嘉华股份,15.33,-0.78,-0.12,10889,16768298.0,2.59,15.6,15.2,15.41,15.45,1.03,2.65,20.37,2.66,2023-06-19
224,301349,信德新材,48.49,-1.94,-0.96,7666,37449848.43,2.63,49.7,48.4,49.39,49.45,0.79,3.01,43.42,1.79,2023-06-19
225,301339,通行宝,25.6,5.44,1.32,62426,156799945.58,7.21,25.8,24.05,24.2,24.28,1.84,10.4,63.41,4.29,2023-06-19
226,301276,嘉曼服饰,25.23,-1.56,-0.4,16022,40573102.72,1.25,25.53,25.21,25.4,25.63,1.1,5.93,10.57,1.44,2023-06-19
227,301328,维峰电子,55.81,4.61,2.46,14438,79774820.87,5.77,56.1,53.02,53.35,53.35,2.15,5.51,32.19,3.33,2023-06-19
228,301231,荣信文化,42.92,4.33,1.78,66490,278182815.14,6.22,42.96,40.4,40.8,41.14,1.36,31.51,265.01,3.96,2023-06-19
229,001331,胜通能源,18.14,0.11,0.02,10673,19353459.59,2.98,18.44,17.9,18.08,18.12,1.01,2.54,200.85,1.96,2023-06-19
230,001283,豪鹏科技,47.27,-1.01,-0.48,3649,17269056.88,1.59,47.88,47.12,47.68,47.75,0.73,1.82,660.5,1.73,2023-06-19
231,688293,奥浦迈,46.39,-0.26,-0.12,5299,24718229.0,2.28,47.2,46.14,46.22,46.51,0.89,2.14,55.02,2.46,2023-06-19
232,301296,新巨丰,16.95,0.83,0.14,8637,14657869.6,1.9,17.13,16.81,16.81,16.81,1.03,1.37,42.56,2.94,2023-06-19
233,301283,聚胶股份,36.31,-2.05,-0.76,15820,58011421.97,2.72,37.22,36.21,36.98,37.07,1.49,7.91,47.69,2.09,2023-06-19
234,688351,微电生理-U,19.9,-1.19,-0.24,22993,45678821.0,3.57,20.19,19.47,20.14,20.14,1.0,3.43,-251.04,5.62,2023-06-19
235,603237,五芳斋,34.04,-0.76,-0.26,20158,68265311.0,1.69,34.18,33.6,33.9,34.3,0.74,5.72,-19.15,3.1,2023-06-19
236,301270,汉仪股份,70.08,2.88,1.96,30121,208855366.67,10.29,73.29,66.28,68.13,68.12,1.02,15.01,259.73,6.68,2023-06-19
237,301115,建科股份,22.84,-0.61,-0.14,4906,11220171.32,0.78,22.98,22.8,22.91,22.98,0.95,1.14,40.81,1.64,2023-06-19
238,001259,利仁科技,28.3,0.04,0.01,5454,15394775.0,1.24,28.38,28.03,28.26,28.29,0.47,2.95,30.11,2.75,2023-06-19
239,688416,恒烁股份,81.88,6.06,4.68,45493,369045974.0,9.62,83.7,76.27,76.68,77.2,1.27,23.99,-90.58,4.02,2023-06-19
240,301152,天力锂能,44.9,-0.8,-0.36,4704,21139630.47,1.83,45.53,44.7,45.53,45.26,0.56,1.69,2741.25,2.22,2023-06-19
241,688439,振华风光,101.59,-0.01,-0.01,8247,83971342.0,2.64,103.46,100.78,101.6,101.6,0.69,1.84,39.45,4.82,2023-06-19
242,301282,金禄电子,30.71,1.42,0.43,49261,149405915.93,3.83,30.74,29.58,30.2,30.28,0.85,13.04,63.15,2.85,2023-06-19
243,688370,丛麟科技,36.66,-0.43,-0.16,1746,6397929.0,1.11,36.91,36.5,36.91,36.82,1.46,0.7,26.96,1.35,2023-06-19
244,688247,宣泰医药,12.71,-1.47,-0.19,15930,20309961.0,1.71,12.88,12.66,12.87,12.9,0.95,3.55,186.67,4.86,2023-06-19
245,301209,联合化学,24.09,-1.39,-0.34,10309,24989026.0,2.29,24.6,24.04,24.43,24.43,0.84,5.15,50.5,2.9,2023-06-19
246,688381,帝奥微,35.4,1.93,0.67,15303,53993430.0,4.2,35.82,34.36,34.5,34.73,0.74,2.57,223.52,2.9,2023-06-19
247,688271,联影医疗,138.75,-1.09,-1.53,7302,101724151.0,2.41,141.38,138.0,139.28,140.28,0.84,1.46,86.72,6.42,2023-06-19
248,301300,远翔新材,32.37,2.96,0.93,16192,52320940.7,4.64,32.86,31.4,31.43,31.44,2.19,10.09,62.87,2.56,2023-06-19
249,301171,易点天下,26.77,2.96,0.77,137579,366956022.43,4.73,27.11,25.88,25.88,26.0,0.91,18.22,76.42,3.93,2023-06-19
250,001231,农心科技,22.18,0.09,0.02,5666,12550278.85,1.08,22.29,22.05,22.07,22.16,0.47,2.27,32.89,2.4,2023-06-19
251,688403,汇成股份,13.28,0.76,0.1,59753,78779074.0,4.55,13.45,12.85,13.09,13.18,1.21,4.89,105.38,3.78,2023-06-19
252,688292,浩瀚深度,35.15,6.77,2.23,64343,221863447.0,11.15,35.84,32.17,33.02,32.92,1.83,17.81,-801.61,5.7,2023-06-19
253,603255,鼎际得,44.63,0.9,0.4,15805,69638894.0,3.05,44.8,43.45,43.5,44.23,1.27,4.74,78.32,3.93,2023-06-19
254,001330,博纳影业,9.71,-1.12,-0.11,106465,103514701.24,1.83,9.84,9.66,9.83,9.82,0.5,3.87,-30.84,2.0,2023-06-19
255,001222,源飞宠物,21.2,-1.76,-0.38,7094,15122335.38,2.64,21.72,21.15,21.5,21.58,0.99,2.08,34.12,2.6,2023-06-19
256,688401,路维光电,39.33,-0.28,-0.11,64490,248348511.0,7.12,39.9,37.09,39.15,39.44,1.28,14.95,66.9,5.66,2023-06-19
257,301330,熵基科技,41.9,1.95,0.8,103772,432828980.63,4.82,42.73,40.75,41.15,41.1,1.41,22.73,63.81,2.66,2023-06-19
258,688203,海正生材,13.55,-0.22,-0.03,9386,12793713.0,2.06,13.75,13.47,13.57,13.58,0.74,1.94,165.03,1.9,2023-06-19
259,301338,凯格精机,39.66,2.99,1.15,21950,86675173.78,4.67,40.2,38.4,38.5,38.51,0.95,8.88,91.39,3.08,2023-06-19
260,001339,智微智能,31.65,2.86,0.88,137873,431044845.56,4.52,31.72,30.33,30.5,30.77,0.73,22.33,54.87,4.18,2023-06-19
261,688041,海光信息,80.01,3.8,2.93,241797,1916087808.0,7.21,80.84,75.28,76.95,77.08,1.09,11.42,194.21,10.77,2023-06-19
262,301336,趣睡科技,46.49,-1.61,-0.76,5188,24136980.0,3.09,47.55,46.09,47.37,47.25,0.85,5.19,72.4,2.39,2023-06-19
263,688273,麦澜德,37.69,-2.26,-0.87,9597,36434001.0,3.29,38.83,37.56,38.66,38.56,1.51,4.1,29.27,2.87,2023-06-19
264,301318,维海德,36.78,-0.27,-0.1,23501,86453991.44,2.87,37.36,36.3,36.73,36.88,0.52,9.03,47.75,2.27,2023-06-19
265,301132,满坤科技,28.91,-1.16,-0.34,32191,93650078.68,2.46,29.4,28.68,29.23,29.25,0.84,8.73,43.87,2.65,2023-06-19
266,688205,德科立,95.5,6.53,5.85,50858,466990040.0,18.93,103.02,86.05,87.0,89.65,1.39,21.55,106.34,4.92,2023-06-19
267,301197,工大科雅,25.22,4.39,1.06,37729,95553551.79,6.17,25.8,24.31,24.31,24.16,3.61,12.52,644.44,2.33,2023-06-19
268,301121,紫建电子,53.48,3.02,1.57,24101,126314827.41,4.49,53.48,51.15,51.31,51.91,0.87,13.62,-710.24,2.33,2023-06-19
269,001229,魅视科技,35.4,-0.56,-0.2,19162,67833227.72,2.53,35.99,35.09,35.7,35.6,0.93,7.66,54.84,3.95,2023-06-19
270,688380,中微半导,30.73,2.16,0.65,37315,114333687.0,3.62,30.99,29.9,30.06,30.08,1.62,6.56,71.61,4.03,2023-06-19
271,688373,盟科药业-U,8.79,0.57,0.05,34078,30104765.0,2.63,8.95,8.72,8.76,8.74,1.48,2.71,-25.64,4.96,2023-06-19
272,301308,江波龙,114.33,4.72,5.15,75819,854919812.57,7.68,115.76,107.38,108.11,109.18,1.51,22.32,-42.07,7.47,2023-06-19
273,301095,广立微,89.2,-1.2,-1.08,15732,140880826.43,2.32,90.75,88.66,90.25,90.28,1.0,3.74,1106.16,5.73,2023-06-19
274,001236,弘业期货,16.18,-1.46,-0.24,132443,215401460.54,1.89,16.47,16.16,16.26,16.42,0.61,13.14,699.21,8.86,2023-06-19
275,301278,快可电子,63.74,-0.92,-0.59,20324,128701049.44,1.88,64.0,62.79,64.0,64.33,0.77,9.77,34.41,5.15,2023-06-19
276,688371,菲沃泰,18.26,3.75,0.66,30394,55694395.0,6.02,18.78,17.72,17.73,17.6,2.12,3.86,-143.53,3.08,2023-06-19
277,301333,诺思格,89.47,-1.26,-1.14,1328,11941084.2,2.69,91.5,89.06,91.05,90.61,0.92,0.89,46.61,3.32,2023-06-19
278,301195,北路智控,79.69,7.98,5.89,27250,211180044.0,8.37,80.01,73.83,74.09,73.8,3.62,12.74,41.24,3.33,2023-06-19
279,688130,晶华微,45.38,1.66,0.74,4847,21965683.0,2.82,45.77,44.51,44.64,44.64,1.39,3.13,254.81,2.3,2023-06-19
280,603201,常润股份,21.86,0.32,0.07,4040,8846824.0,1.19,22.05,21.79,21.79,21.79,0.82,1.45,22.31,1.91,2023-06-19
281,301269,华大九天,121.31,0.44,0.53,21879,263584368.06,2.95,121.98,118.42,120.8,120.78,0.79,2.78,778.68,14.35,2023-06-19
282,688253,英诺特,24.22,-1.46,-0.36,9786,23792830.0,2.32,24.72,24.15,24.53,24.58,1.15,3.27,15.31,1.92,2023-06-19
283,001258,立新能源,9.54,0.0,0.0,33337,31893850.0,1.05,9.62,9.52,9.53,9.54,1.09,1.43,84.86,3.14,2023-06-19
284,301306,西测测试,37.09,1.56,0.57,7413,27289660.38,2.14,37.18,36.4,36.8,36.52,0.94,3.51,-133.21,2.56,2023-06-19
285,688382,益方生物-U,14.42,-0.76,-0.11,38312,55148852.0,2.75,14.65,14.25,14.56,14.53,1.22,3.62,-17.59,3.92,2023-06-19
286,603211,晋拓股份,15.47,-4.15,-0.67,141686,222375529.0,5.89,16.29,15.34,16.0,16.14,0.8,20.85,61.44,3.76,2023-06-19
287,001336,楚环科技,26.81,0.19,0.05,9324,25073738.42,2.35,27.18,26.55,26.76,26.76,1.57,4.64,44.2,2.88,2023-06-19
288,688375,国博电子,78.84,0.18,0.14,8276,64983553.0,2.81,79.39,77.18,77.81,78.7,1.19,2.58,68.03,5.48,2023-06-19
289,688231,隆达股份,28.09,-0.95,-0.27,7713,21862716.0,1.97,28.65,28.09,28.4,28.36,1.76,1.46,67.17,2.45,2023-06-19
290,688332,中科蓝讯,84.7,1.07,0.9,8317,70890531.0,5.01,86.8,82.6,83.8,83.8,1.29,2.86,51.42,2.87,2023-06-19
291,603170,宝立食品,21.51,-1.28,-0.28,10853,23454881.0,2.94,22.0,21.36,21.94,21.79,0.79,2.71,28.18,7.79,2023-06-19
292,001230,劲旅环境,24.84,0.61,0.15,3750,9261150.16,1.46,24.86,24.5,24.73,24.69,1.46,1.35,21.61,1.67,2023-06-19
293,688353,华盛锂电,36.04,-1.74,-0.64,7046,25587739.0,2.21,36.85,36.04,36.65,36.68,0.84,1.84,130.58,1.52,2023-06-19
294,603235,天新药业,28.03,-0.67,-0.19,3757,10566739.0,2.02,28.5,27.93,28.5,28.22,0.69,0.86,28.25,3.18,2023-06-19
295,301312,智立方,90.47,0.89,0.8,14743,132632030.68,3.43,91.59,88.51,88.67,89.67,0.77,9.6,49.27,5.09,2023-06-19
296,688053,思科瑞,61.42,3.52,2.09,9129,55853425.0,5.83,62.62,59.16,59.2,59.33,1.2,3.99,65.58,3.63,2023-06-19
297,301175,中科环保,6.26,-0.48,-0.03,89591,56117852.0,1.11,6.3,6.23,6.24,6.29,0.84,2.61,38.06,2.89,2023-06-19
298,301139,元道通信,29.3,-0.31,-0.09,10338,30283305.71,1.67,29.49,29.0,29.3,29.39,0.73,3.4,41.58,1.91,2023-06-19
299,688322,奥比中光-UW,51.3,2.66,1.33,94400,472692393.0,11.61,53.5,47.7,49.6,49.97,1.29,29.0,-75.31,6.45,2023-06-19
300,301208,中亦科技,61.55,4.04,2.39,20956,128276661.62,4.94,62.1,59.18,59.35,59.16,1.86,12.57,38.77,2.96,2023-06-19
301,688400,凌云光,39.33,5.36,2.0,199934,756927710.0,8.73,40.04,36.78,37.5,37.33,1.51,22.88,448.04,4.74,2023-06-19
302,301233,盛帮股份,41.48,0.39,0.16,8408,34766840.1,1.6,41.69,41.03,41.35,41.32,0.42,6.53,39.2,2.44,2023-06-19
303,301239,普瑞眼科,110.15,0.27,0.3,8114,89620126.33,2.9,111.69,108.5,110.88,109.85,0.72,2.17,25.37,7.39,2023-06-19
304,301234,五洲医疗,28.65,-0.59,-0.17,4182,12047025.27,1.63,29.08,28.61,28.82,28.82,1.02,2.46,37.56,2.77,2023-06-19
305,688237,超卓航科,44.2,-0.25,-0.11,3168,14074450.0,1.72,44.85,44.09,44.36,44.31,0.87,1.68,46.08,3.02,2023-06-19
306,001309,德明利,96.47,2.72,2.55,28850,276000787.0,7.13,98.0,91.3,95.48,93.92,1.29,14.43,-44.16,7.39,2023-06-19
307,601089,福元医药,16.39,-2.32,-0.39,31924,52616123.0,2.98,16.85,16.35,16.8,16.78,1.71,2.66,17.3,2.54,2023-06-19
308,001268,联合精密,23.09,0.13,0.03,19593,45148587.64,1.69,23.2,22.81,22.95,23.06,0.51,7.26,38.75,2.65,2023-06-19
